"","date","province","cc_mean_vote_share","cc_win_probability","dgm_mean_vote_share","dgm_win_probability","pdal_mean_vote_share","pdal_win_probability","ssp_mean_vote_share","ssp_win_probability"
"1",2024-04-02,"Byteforge Domain",0.406136425769439,0.333333333333333,0.1177190983977,0,0.476144475832862,0.666666666666667,0,0
"2",2024-04-03,"Byteforge Domain",0.414037788255943,0.666666666666667,0.0989057990301887,0,0.487056412713868,0.333333333333333,0,0
"3",2024-04-04,"Byteforge Domain",0.40114658479089,0.448,0.158146244433184,0,0.440707170775927,0.552,0,0
"4",2024-04-05,"Byteforge Domain",0.402576939777483,0.333333333333333,0.134897161150752,0,0.462525899071765,0.666666666666667,0,0
"5",2024-04-06,"Byteforge Domain",0.419140265579851,0.552,0.102381299759413,0,0.478478434660737,0.448,0,0
"6",2024-04-07,"Byteforge Domain",0.36715912485375,0.056,0.105293275566011,0,0.527547599580239,0.944,0,0
"7",2024-04-08,"Byteforge Domain",0.392550118684539,0.0146666666666667,0.105989255135807,0,0.501460626179654,0.985333333333333,0,0
"8",2024-04-09,"Byteforge Domain",0.391870834655266,0.333333333333333,0.121556315902639,0,0.486572849442095,0.666666666666667,0,0
"9",2024-04-10,"Byteforge Domain",0.335043033082601,0.08,0.107637129371402,0,0.557319837545997,0.92,0,0
"10",2024-04-11,"Byteforge Domain",0.4011124738554,0.333333333333333,0.105665268812102,0,0.493222257332498,0.666666666666667,0,0
"11",2024-04-12,"Byteforge Domain",0.373681863420608,0.333333333333333,0.0939594495675706,0,0.532358687011821,0.666666666666667,0,0
"12",2024-04-13,"Byteforge Domain",0.405518735472083,0.333333333333333,0.0842823223358842,0,0.510198942192033,0.666666666666667,0,0
"13",2024-04-14,"Byteforge Domain",0.3611413702629,0.333333333333333,0.103238168588936,0,0.535620461148164,0.666666666666667,0,0
"14",2024-04-15,"Byteforge Domain",0.377513238774154,0.333333333333333,0.0952366104247318,0,0.527250150801115,0.666666666666667,0,0
"15",2024-04-16,"Byteforge Domain",0.35084420228506,0.32,0.101112220066291,0,0.548043577648649,0.68,0,0
"16",2024-04-17,"Byteforge Domain",0.292172732897078,0.137333333333333,0.0855069071473861,0,0.622320359955536,0.862666666666667,0,0
"17",2024-04-18,"Byteforge Domain",0.32981740566001,0.333333333333333,0.0755045175582662,0,0.594678076781724,0.666666666666667,0,0
"18",2024-04-19,"Byteforge Domain",0.285700270357148,0,0.0775991058185307,0,0.636700623824322,1,0,0
"19",2024-04-20,"Byteforge Domain",0.337428068954202,0.333333333333333,0.0729634285594943,0,0.589608502486304,0.666666666666667,0,0
"20",2024-04-21,"Byteforge Domain",0.345689253056345,0.333333333333333,0.0785645370833011,0,0.575746209860354,0.666666666666667,0,0
"21",2024-04-22,"Byteforge Domain",0.354633477745399,0.333333333333333,0.0928070719829286,0,0.552559450271673,0.666666666666667,0,0
"22",2024-04-23,"Byteforge Domain",0.353673851882954,0.333333333333333,0.0966944871239553,0,0.54963166099309,0.666666666666667,0,0
"23",2024-04-24,"Byteforge Domain",0.387121403216845,0.333333333333333,0.0978984776657923,0,0.514980119117363,0.666666666666667,0,0
"24",2024-04-25,"Byteforge Domain",0.424351192878537,0.348,0.0920046675790008,0,0.483644139542462,0.652,0,0
"25",2024-04-26,"Byteforge Domain",0.456918062074168,0.666666666666667,0.0816630690809554,0,0.461418868844877,0.333333333333333,0,0
"26",2024-04-27,"Byteforge Domain",0.466938577282693,0.666666666666667,0.0851154341283253,0,0.447945988588982,0.333333333333333,0,0
"27",2024-04-28,"Byteforge Domain",0.468727693472197,0.666666666666667,0.0867327191981839,0,0.444539587329619,0.333333333333333,0,0
"28",2024-04-29,"Byteforge Domain",0.463448526249754,0.666666666666667,0.0919617975393947,0,0.444589676210851,0.333333333333333,0,0
"29",2024-04-30,"Byteforge Domain",0.432341752371493,0.605333333333333,0.107026084083455,0,0.460632163545053,0.394666666666667,0,0
"30",2024-05-01,"Byteforge Domain",0.443203515518577,0.574666666666667,0.105225546202121,0.012,0.451570938279301,0.413333333333333,0,0
"31",2024-05-02,"Byteforge Domain",0.438043955095427,0.486666666666667,0.109705995097347,0,0.452250049807226,0.513333333333333,0,0
"32",2024-05-03,"Byteforge Domain",0.408690050334799,0.333333333333333,0.124552991189466,0.072,0.466756958475736,0.594666666666667,0,0
"33",2024-05-04,"Byteforge Domain",0.394421754984454,0.333333333333333,0.129936981843075,0.0466666666666667,0.475641263172471,0.62,0,0
"34",2024-05-05,"Byteforge Domain",0.423308376809253,0.333333333333333,0.120301993727005,0.121333333333333,0.456389629463742,0.545333333333333,0,0
"35",2024-05-06,"Byteforge Domain",0.399752614603864,0.333333333333333,0.14276279388115,0.333333333333333,0.457484591514985,0.333333333333333,0,0
"36",2024-05-07,"Byteforge Domain",0.389722706440273,0.333333333333333,0.145679841283588,0.286666666666667,0.464597452276139,0.38,0,0
"37",2024-05-08,"Byteforge Domain",0.391810822807034,0.333333333333333,0.136869594279701,0.156,0.471319582913265,0.510666666666667,0,0
"38",2024-05-09,"Byteforge Domain",0.398031253659563,0.333333333333333,0.125896932919797,0.068,0.47607181342064,0.598666666666667,0,0
"39",2024-05-10,"Byteforge Domain",0.386744873243478,0.333333333333333,0.133642598415049,0.0706666666666667,0.479612528341473,0.596,0,0
"40",2024-05-11,"Byteforge Domain",0.376935042121277,0.333333333333333,0.137826989427633,0.101333333333333,0.48523796845109,0.565333333333333,0,0
"41",2024-05-12,"Byteforge Domain",0.361869487036348,0.333333333333333,0.129199093991532,0,0.50893141897212,0.666666666666667,0,0
"42",2024-05-13,"Byteforge Domain",0.339606949938206,0.333333333333333,0.119012583903486,0,0.541380466158308,0.666666666666667,0,0
"43",2024-05-14,"Byteforge Domain",0.341658134357518,0.333333333333333,0.115323731801625,0,0.543018133840857,0.666666666666667,0,0
"44",2024-05-15,"Byteforge Domain",0.342524203540915,0.333333333333333,0.117910366650757,0,0.539565429808328,0.666666666666667,0,0
"45",2024-05-16,"Byteforge Domain",0.329722931297389,0.333333333333333,0.118610274692708,0,0.551666794009903,0.666666666666667,0,0
"46",2024-05-17,"Byteforge Domain",0.328181519667252,0.333333333333333,0.142217776240334,0.00533333333333333,0.529600704092414,0.661333333333333,0,0
"47",2024-05-18,"Byteforge Domain",0.316788274091757,0.333333333333333,0.152170598497902,0,0.531041127410341,0.666666666666667,0,0
"48",2024-05-19,"Byteforge Domain",0.301579966543723,0.333333333333333,0.172813377560025,0.00666666666666667,0.525606655896252,0.66,0,0
"49",2024-05-20,"Byteforge Domain",0.311489641194337,0.333333333333333,0.174124049056173,0.113333333333333,0.51438630974949,0.553333333333333,0,0
"50",2024-05-21,"Byteforge Domain",0.293660096146276,0.333333333333333,0.201952049324379,0.322666666666667,0.504387854529345,0.344,0,0
"51",2024-05-22,"Byteforge Domain",0.240763755702386,0.333333333333333,0.255081569588133,0.333333333333333,0.50415467470948,0.333333333333333,0,0
"52",2024-05-23,"Byteforge Domain",0.237831038221508,0.333333333333333,0.256738565499826,0.333333333333333,0.505430396278666,0.333333333333333,0,0
"53",2024-05-24,"Byteforge Domain",0.192555552421974,0.333333333333333,0.293835665711865,0.333333333333333,0.513608781866162,0.333333333333333,0,0
"54",2024-05-25,"Byteforge Domain",0.194953694620034,0.333333333333333,0.290356967659526,0.333333333333333,0.51468933772044,0.333333333333333,0,0
"55",2024-05-26,"Byteforge Domain",0.106413333601311,0,0.361805500916162,0.666666666666667,0.531781165482527,0.333333333333333,0,0
"56",2024-05-27,"Byteforge Domain",0.152354185273337,0.333333333333333,0.2821027916498,0.333333333333333,0.565543023076863,0.333333333333333,0,0
"57",2024-05-28,"Byteforge Domain",0.11030217799372,0,0.315174319654872,0.618666666666667,0.574523502351408,0.381333333333333,0,0
"58",2024-05-29,"Byteforge Domain",0.0862767369764231,0,0.367645216502805,0.666666666666667,0.546078046520772,0.333333333333333,0,0
"59",2024-05-30,"Byteforge Domain",0.131665352978044,0,0.350994086240963,0.666666666666667,0.517340560780993,0.333333333333333,0,0
"60",2024-05-31,"Byteforge Domain",0.133305479561899,0,0.391655220102885,0.666666666666667,0.475039300335216,0.333333333333333,0,0
"61",2024-06-01,"Byteforge Domain",0.136022955927197,0.032,0.393673550164977,0.634666666666667,0.470303493907826,0.333333333333333,0,0
"62",2024-06-02,"Byteforge Domain",0.150041077732367,0.333333333333333,0.385222811511046,0.333333333333333,0.464736110756587,0.333333333333333,0,0
"63",2024-06-03,"Byteforge Domain",0.151741695999712,0.00666666666666667,0.382667058367036,0.333333333333333,0.465591245633252,0.66,0,0
"64",2024-06-04,"Byteforge Domain",0.202148756081393,0.333333333333333,0.366650534306187,0.333333333333333,0.43120070961242,0.333333333333333,0,0
"65",2024-06-05,"Byteforge Domain",0.199824188723906,0.333333333333333,0.388651155724173,0.333333333333333,0.411524655551921,0.333333333333333,0,0
"66",2024-06-06,"Byteforge Domain",0.192439687237358,0.197333333333333,0.41307150819491,0.469333333333333,0.394488804567732,0.333333333333333,0,0
"67",2024-06-07,"Byteforge Domain",0.252786209312216,0.333333333333333,0.420292348440039,0.333333333333333,0.326921442247745,0.333333333333333,0,0
"68",2024-06-08,"Byteforge Domain",0.373133404452948,0.425333333333333,0.384018018873107,0.333333333333333,0.242848576673944,0.241333333333333,0,0
"69",2024-06-09,"Byteforge Domain",0.336292777773043,0.333333333333333,0.467576401176572,0.666666666666667,0.196130821050385,0,0,0
"70",2024-06-10,"Byteforge Domain",0.341196510520226,0.333333333333333,0.457790439890875,0.666666666666667,0.201013049588898,0,0,0
"71",2024-06-11,"Byteforge Domain",0.311481549935468,0.333333333333333,0.511344502088192,0.666666666666667,0.17717394797634,0,0,0
"72",2024-06-12,"Byteforge Domain",0.258568451204675,0.333333333333333,0.51794780189046,0.666666666666667,0.223483746904865,0,0,0
"73",2024-06-13,"Byteforge Domain",0.248540121604642,0.333333333333333,0.484198712288854,0.666666666666667,0.267261166106504,0,0,0
"74",2024-06-14,"Byteforge Domain",0.302932792277552,0.333333333333333,0.449109782062694,0.666666666666667,0.247957425659753,0,0,0
"75",2024-06-15,"Byteforge Domain",0.369594254435425,0.333333333333333,0.445416566911427,0.666666666666667,0.184989178653148,0,0,0
"76",2024-06-16,"Byteforge Domain",0.340033149402086,0.333333333333333,0.446108955761016,0.665333333333333,0.213857894836899,0.00133333333333333,0,0
"77",2024-04-02,"Cortexia",0.164513131774541,0,0.200594249935896,0.0146666666666667,0.211849598009488,0.0133333333333333,0.423043020280076,0.972
"78",2024-04-03,"Cortexia",0.0821540539526644,0,0.37064808396087,0.636,0.201259290313618,0.0226666666666667,0.345938571772848,0.341333333333333
"79",2024-04-04,"Cortexia",0.0737647602040856,0,0.400729425889135,0.333333333333333,0.138912216756102,0,0.386593597150678,0.666666666666667
"80",2024-04-05,"Cortexia",0.0880465983169584,0,0.40021322366868,0.333333333333333,0.152448422718162,0,0.3592917552962,0.666666666666667
"81",2024-04-06,"Cortexia",0.0433208390815302,0,0.462529009764098,0.666666666666667,0.131802119635272,0,0.3623480315191,0.333333333333333
"82",2024-04-07,"Cortexia",0.0903584547453769,0,0.436328531119903,0.333333333333333,0.163165077555321,0,0.310147936579399,0.666666666666667
"83",2024-04-08,"Cortexia",0.0659416357297103,0,0.399661768308443,0.333333333333333,0.169496916049032,0,0.364899679912815,0.666666666666667
"84",2024-04-09,"Cortexia",0.0825096498484722,0,0.338523785365708,0.333333333333333,0.12113166398283,0,0.45783490080299,0.666666666666667
"85",2024-04-10,"Cortexia",0.058245248948888,0,0.353513565070287,0.364,0.133057526183995,0,0.45518365979683,0.636
"86",2024-04-11,"Cortexia",0.079865509981229,0,0.342511661138283,0.450666666666667,0.119304118936396,0,0.458318709944091,0.549333333333333
"87",2024-04-12,"Cortexia",0.11692523943684,0,0.250912015170988,0,0.198411237681697,0,0.433751507710475,1
"88",2024-04-13,"Cortexia",0.167497024684019,0,0.207249117092077,0,0.168557398669305,0.273333333333333,0.456696459554599,0.726666666666667
"89",2024-04-14,"Cortexia",0.191984320284484,0.004,0.251015206222072,0.333333333333333,0.114831071046526,0,0.442169402446918,0.662666666666667
"90",2024-04-15,"Cortexia",0.256422294397164,0.00266666666666667,0.200502821543282,0.333333333333333,0.11420393294702,0,0.428870951112534,0.664
"91",2024-04-16,"Cortexia",0.131673417846453,0,0.218873573944802,0.333333333333333,0.118491074390324,0,0.53096193381842,0.666666666666667
"92",2024-04-17,"Cortexia",0.1647696544403,0.0746666666666667,0.157865161556671,0.292,0.156731327686506,0,0.520633856316523,0.633333333333333
"93",2024-04-18,"Cortexia",0.271384014063383,0.333333333333333,0.162099756784017,0.333333333333333,0.123249046071533,0,0.443267183081066,0.333333333333333
"94",2024-04-19,"Cortexia",0.19565919707249,0.333333333333333,0.279708533292611,0.333333333333333,0.0970172428472213,0,0.427615026787678,0.333333333333333
"95",2024-04-20,"Cortexia",0.174399885477118,0.333333333333333,0.301846126782094,0.333333333333333,0.112633619306779,0,0.411120368434009,0.333333333333333
"96",2024-04-21,"Cortexia",0.264167402128343,0.333333333333333,0.280769038922756,0.333333333333333,0.0724805843117943,0,0.382582974637107,0.333333333333333
"97",2024-04-22,"Cortexia",0.238375226288427,0.333333333333333,0.316076337063996,0.333333333333333,0.0906799734757555,0,0.354868463171821,0.333333333333333
"98",2024-04-23,"Cortexia",0.231146146218771,0.333333333333333,0.350074252099436,0.333333333333333,0.111324391610822,0,0.307455210070972,0.333333333333333
"99",2024-04-24,"Cortexia",0.151242413510859,0.173333333333333,0.483147334413149,0.666666666666667,0.147711403363484,0.16,0.217898848712508,0
"100",2024-04-25,"Cortexia",0.104613408821501,0,0.529390857964712,0.666666666666667,0.171772388604906,0.333333333333333,0.194223344608881,0
"101",2024-04-26,"Cortexia",0.0468283398019584,0,0.544781419753365,0.666666666666667,0.138298343289151,0.024,0.270091897155526,0.309333333333333
"102",2024-04-27,"Cortexia",0.0394841117784108,0,0.52309611028571,0.666666666666667,0.153335714716823,0.101333333333333,0.284084063219057,0.232
"103",2024-04-28,"Cortexia",0.0355245089500276,0,0.571354843941317,0.666666666666667,0.159406691516912,0.150666666666667,0.233713955591744,0.182666666666667
"104",2024-04-29,"Cortexia",0.0523910940194236,0,0.561507436797412,0.666666666666667,0.159225501636431,0.004,0.226875967546733,0.329333333333333
"105",2024-04-30,"Cortexia",0.0466457630222129,0,0.538101132925144,0.666666666666667,0.193398835474193,0.333333333333333,0.22185426857845,0
"106",2024-05-01,"Cortexia",0.036903320916187,0,0.508280983704863,0.666666666666667,0.161432965636406,0.012,0.293382729742545,0.321333333333333
"107",2024-05-02,"Cortexia",0.0195565460675335,0,0.536822920279526,0.666666666666667,0.177151834469544,0.158666666666667,0.266468699183397,0.174666666666667
"108",2024-05-03,"Cortexia",0.0179742076984646,0,0.607176809436114,0.666666666666667,0.180068787601165,0.0813333333333333,0.194780195264256,0.252
"109",2024-05-04,"Cortexia",0.0158624693294865,0,0.582063866003786,0.666666666666667,0.135786060177887,0,0.266287604488841,0.333333333333333
"110",2024-05-05,"Cortexia",0.0379856303529133,0,0.589992548289802,0.666666666666667,0.135868913461735,0,0.236152907895551,0.333333333333333
"111",2024-05-06,"Cortexia",0.138798986525645,0.165333333333333,0.615572493559792,0.666666666666667,0.112148533996786,0.0146666666666667,0.133479985917777,0.153333333333333
"112",2024-05-07,"Cortexia",0.177283010728116,0.188,0.586881487176022,0.666666666666667,0.121614411554087,0,0.114221090541775,0.145333333333333
"113",2024-05-08,"Cortexia",0.164384900297125,0,0.570123822565072,0.666666666666667,0.120983585055223,0,0.14450769208258,0.333333333333333
"114",2024-05-09,"Cortexia",0.230763073145146,0.333333333333333,0.569472371737919,0.666666666666667,0.1093318841292,0,0.0904326709877355,0
"115",2024-05-10,"Cortexia",0.262226493867245,0.333333333333333,0.51493460807736,0.666666666666667,0.11555340114962,0,0.107285496905776,0
"116",2024-05-11,"Cortexia",0.2558644766021,0.326666666666667,0.553283545279428,0.666666666666667,0.102638578637918,0,0.0882133994805545,0.00666666666666667
"117",2024-05-12,"Cortexia",0.346979755180466,0.333333333333333,0.557743386072677,0.666666666666667,0.0678117890745118,0,0.0274650696723457,0
"118",2024-05-13,"Cortexia",0.357731331779481,0.333333333333333,0.574705783285903,0.666666666666667,0.0457159128369322,0,0.0218469720976837,0
"119",2024-05-14,"Cortexia",0.284382879515258,0.333333333333333,0.585410436406963,0.666666666666667,0.101870069113429,0,0.0283366149643501,0
"120",2024-05-15,"Cortexia",0.268884320427426,0.333333333333333,0.598320422612126,0.666666666666667,0.101786549327695,0,0.0310087076327532,0
"121",2024-05-16,"Cortexia",0.328064343253647,0.333333333333333,0.595121468757526,0.666666666666667,0.0620750969075734,0,0.0147390910812538,0
"122",2024-05-17,"Cortexia",0.318871449469048,0.333333333333333,0.596014833178054,0.666666666666667,0.0700338209123091,0,0.015079896440588,0
"123",2024-05-18,"Cortexia",0.369502626679272,0.333333333333333,0.570206180719489,0.666666666666667,0.0449380760671322,0,0.0153531165341076,0
"124",2024-05-19,"Cortexia",0.425782110227253,0.333333333333333,0.512584486666144,0.666666666666667,0.051429676449083,0,0.0102037266575194,0
"125",2024-05-20,"Cortexia",0.446680022923003,0.333333333333333,0.491601418654362,0.666666666666667,0.0529436948518458,0,0.00877486357078922,0
"126",2024-05-21,"Cortexia",0.551546077278788,0.666666666666667,0.393378824847084,0.333333333333333,0.0470726106146765,0,0.00800248725945144,0
"127",2024-05-22,"Cortexia",0.564085863358844,0.666666666666667,0.349182334679169,0.333333333333333,0.0748454637844308,0,0.0118863381775561,0
"128",2024-05-23,"Cortexia",0.585224385871387,0.666666666666667,0.329874100539911,0.333333333333333,0.0756720232788798,0,0.00922949030982282,0
"129",2024-05-24,"Cortexia",0.590053983131988,0.666666666666667,0.317339027755722,0.333333333333333,0.0827497944988405,0,0.00985719461345017,0
"130",2024-05-25,"Cortexia",0.530407984240915,0.666666666666667,0.325323920208819,0.333333333333333,0.134099331928592,0,0.0101687636216738,0
"131",2024-05-26,"Cortexia",0.475344746162269,0.376,0.332910436032922,0.333333333333333,0.174555753541017,0.290666666666667,0.0171890642637923,0
"132",2024-05-27,"Cortexia",0.413043305313397,0.333333333333333,0.338085076240652,0.333333333333333,0.22899668027872,0.333333333333333,0.0198749381672316,0
"133",2024-05-28,"Cortexia",0.448642157788492,0.346666666666667,0.342640091389947,0.333333333333333,0.179640236933152,0.32,0.0290775138884089,0
"134",2024-05-29,"Cortexia",0.45435762568233,0.350666666666667,0.341309204471827,0.333333333333333,0.184270087955204,0.316,0.0200630818906386,0
"135",2024-05-30,"Cortexia",0.340793400071334,0.333333333333333,0.359104500264755,0.333333333333333,0.251773957675049,0.333333333333333,0.0483281419888621,0
"136",2024-05-31,"Cortexia",0.308287820922865,0.333333333333333,0.378015476258919,0.333333333333333,0.262700180742843,0.333333333333333,0.0509965220753739,0
"137",2024-06-01,"Cortexia",0.307938286425075,0.333333333333333,0.399944113915032,0.333333333333333,0.241572407749749,0.333333333333333,0.0505451919101438,0
"138",2024-06-02,"Cortexia",0.332615561032674,0.333333333333333,0.384695019078096,0.333333333333333,0.251504472643127,0.333333333333333,0.0311849472461031,0
"139",2024-06-03,"Cortexia",0.318865424953106,0.333333333333333,0.377188569937409,0.333333333333333,0.273640679877232,0.333333333333333,0.0303053252322529,0
"140",2024-06-04,"Cortexia",0.324034243236532,0.333333333333333,0.369437968494088,0.333333333333333,0.284130963052422,0.333333333333333,0.022396825216958,0
"141",2024-06-05,"Cortexia",0.324770220450626,0.333333333333333,0.392511977852845,0.333333333333333,0.249864219227494,0.333333333333333,0.0328535824690345,0
"142",2024-06-06,"Cortexia",0.304895245020559,0.333333333333333,0.420589815419118,0.333333333333333,0.205584850954665,0.333333333333333,0.0689300886056587,0
"143",2024-06-07,"Cortexia",0.178070464437562,0.273333333333333,0.473101478152444,0.453333333333333,0.150917580094675,0.213333333333333,0.197910477315319,0.06
"144",2024-06-08,"Cortexia",0.241399415325224,0.333333333333333,0.511594415584693,0.666666666666667,0.0850742825070284,0,0.161931886583055,0
"145",2024-06-09,"Cortexia",0.278610769277856,0.333333333333333,0.53300210782887,0.666666666666667,0.0698502816090885,0,0.118536841284186,0
"146",2024-06-10,"Cortexia",0.244853387306199,0.333333333333333,0.551508519090633,0.666666666666667,0.0419156013733098,0,0.161722492229859,0
"147",2024-06-11,"Cortexia",0.232391709540853,0.333333333333333,0.557790048937972,0.666666666666667,0.0262421252886227,0,0.183576116232553,0
"148",2024-06-12,"Cortexia",0.238874485871009,0.333333333333333,0.556785300917441,0.666666666666667,0.0249189326490528,0,0.179421280562497,0
"149",2024-06-13,"Cortexia",0.181990555506886,0.333333333333333,0.512401418753195,0.666666666666667,0.0406292875242509,0,0.264978738215668,0
"150",2024-06-14,"Cortexia",0.176645449943816,0.333333333333333,0.522239892501109,0.666666666666667,0.0283047141074667,0,0.272809943447608,0
"151",2024-06-15,"Cortexia",0.272039702690001,0.333333333333333,0.574067941037166,0.666666666666667,0.0150800101024102,0,0.138812346170423,0
"152",2024-06-16,"Cortexia",0.309395064183734,0.333333333333333,0.580347571642225,0.666666666666667,0.0112897228242992,0,0.0989676413497425,0
"153",2024-04-02,"Infinitron Peninsula",0.474498363942455,0.666666666666667,0.316685551922538,0.333333333333333,0.208816084135007,0,0,0
"154",2024-04-03,"Infinitron Peninsula",0.529340132117917,1,0.24994893478872,0,0.220710933093363,0,0,0
"155",2024-04-04,"Infinitron Peninsula",0.534524822538482,1,0.227392916048701,0,0.238082261412817,0,0,0
"156",2024-04-05,"Infinitron Peninsula",0.562417556759444,1,0.236647387507796,0,0.20093505573276,0,0,0
"157",2024-04-06,"Infinitron Peninsula",0.574016804193015,1,0.237367726986342,0,0.188615468820643,0,0,0
"158",2024-04-07,"Infinitron Peninsula",0.550508157905464,0.926666666666667,0.245154197290666,0.0733333333333333,0.204337644803871,0,0,0
"159",2024-04-08,"Infinitron Peninsula",0.568312538164241,0.98,0.226051249203901,0.02,0.205636212631858,0,0,0
"160",2024-04-09,"Infinitron Peninsula",0.573994310079416,1,0.212846231126323,0,0.213159458794261,0,0,0
"161",2024-04-10,"Infinitron Peninsula",0.587804408272349,0.666666666666667,0.202376462568081,0,0.20981912915957,0.333333333333333,0,0
"162",2024-04-11,"Infinitron Peninsula",0.542769722520013,0.666666666666667,0.2361176271401,0,0.221112650339887,0.333333333333333,0,0
"163",2024-04-12,"Infinitron Peninsula",0.567430760489568,0.666666666666667,0.239245752351994,0,0.193323487158438,0.333333333333333,0,0
"164",2024-04-13,"Infinitron Peninsula",0.569108329695492,0.666666666666667,0.226384649604521,0,0.204507020699987,0.333333333333333,0,0
"165",2024-04-14,"Infinitron Peninsula",0.535513258996151,0.845333333333333,0.253897211127938,0,0.21058952987591,0.154666666666667,0,0
"166",2024-04-15,"Infinitron Peninsula",0.547469772460262,0.776,0.2516915082288,0,0.200838719310938,0.224,0,0
"167",2024-04-16,"Infinitron Peninsula",0.537352158630205,1,0.279263597414936,0,0.183384243954859,0,0,0
"168",2024-04-17,"Infinitron Peninsula",0.530430732625478,0.666666666666667,0.288440121904875,0,0.181129145469647,0.333333333333333,0,0
"169",2024-04-18,"Infinitron Peninsula",0.465626125771288,0.502666666666667,0.331042076547313,0.164,0.203331797681398,0.333333333333333,0,0
"170",2024-04-19,"Infinitron Peninsula",0.459185736962808,0.641333333333333,0.295560694326734,0.0253333333333333,0.245253568710458,0.333333333333333,0,0
"171",2024-04-20,"Infinitron Peninsula",0.396400566467697,0.333333333333333,0.309812983577082,0.333333333333333,0.293786449955221,0.333333333333333,0,0
"172",2024-04-21,"Infinitron Peninsula",0.371621514847647,0.333333333333333,0.287532472789224,0.333333333333333,0.340846012363129,0.333333333333333,0,0
"173",2024-04-22,"Infinitron Peninsula",0.322408882831296,0.333333333333333,0.282392043980657,0,0.395199073188047,0.666666666666667,0,0
"174",2024-04-23,"Infinitron Peninsula",0.321846956157359,0.333333333333333,0.231598237170769,0,0.446554806671872,0.666666666666667,0,0
"175",2024-04-24,"Infinitron Peninsula",0.339757346780641,0.32,0.230838573024396,0.0133333333333333,0.429404080194963,0.666666666666667,0,0
"176",2024-04-25,"Infinitron Peninsula",0.399168704677772,0.596,0.195559219836142,0.0706666666666667,0.405272075486086,0.333333333333333,0,0
"177",2024-04-26,"Infinitron Peninsula",0.274670026400015,0.0573333333333333,0.212968687698903,0.276,0.512361285901082,0.666666666666667,0,0
"178",2024-04-27,"Infinitron Peninsula",0.2053242321986,0,0.207813340883636,0.333333333333333,0.586862426917764,0.666666666666667,0,0
"179",2024-04-28,"Infinitron Peninsula",0.184911242052976,0,0.210296759749034,0.333333333333333,0.604791998197989,0.666666666666667,0,0
"180",2024-04-29,"Infinitron Peninsula",0.159116123343519,0,0.227471369015495,0.333333333333333,0.613412507640986,0.666666666666667,0,0
"181",2024-04-30,"Infinitron Peninsula",0.156090288773886,0,0.223156375266143,0.333333333333333,0.620753335959971,0.666666666666667,0,0
"182",2024-05-01,"Infinitron Peninsula",0.147311333720195,0,0.230047727981634,0.333333333333333,0.62264093829817,0.666666666666667,0,0
"183",2024-05-02,"Infinitron Peninsula",0.136618413741889,0,0.238738223402893,0.333333333333333,0.624643362855218,0.666666666666667,0,0
"184",2024-05-03,"Infinitron Peninsula",0.139585852209589,0,0.232286550300321,0.333333333333333,0.62812759749009,0.666666666666667,0,0
"185",2024-05-04,"Infinitron Peninsula",0.142352333015903,0,0.230332476876998,0.333333333333333,0.627315190107099,0.666666666666667,0,0
"186",2024-05-05,"Infinitron Peninsula",0.131273632331958,0,0.230398833020691,0.333333333333333,0.63832753464735,0.666666666666667,0,0
"187",2024-05-06,"Infinitron Peninsula",0.113948271374287,0,0.239258342321189,0.333333333333333,0.646793386304524,0.666666666666667,0,0
"188",2024-05-07,"Infinitron Peninsula",0.13494030109479,0,0.220216037918112,0.333333333333333,0.644843660987099,0.666666666666667,0,0
"189",2024-05-08,"Infinitron Peninsula",0.109271169989068,0,0.243872300370886,0.333333333333333,0.646856529640046,0.666666666666667,0,0
"190",2024-05-09,"Infinitron Peninsula",0.109465284671154,0,0.241183425065405,0.333333333333333,0.649351290263441,0.666666666666667,0,0
"191",2024-05-10,"Infinitron Peninsula",0.0856541958690746,0,0.263920779930934,0.333333333333333,0.650425024199992,0.666666666666667,0,0
"192",2024-05-11,"Infinitron Peninsula",0.0818008819853414,0,0.266009132223489,0.333333333333333,0.652189985791169,0.666666666666667,0,0
"193",2024-05-12,"Infinitron Peninsula",0.119769918741752,0,0.225736371159702,0.333333333333333,0.654493710098546,0.666666666666667,0,0
"194",2024-05-13,"Infinitron Peninsula",0.127219951824053,0,0.218711548879147,0.333333333333333,0.6540684992968,0.666666666666667,0,0
"195",2024-05-14,"Infinitron Peninsula",0.126391150426023,0,0.219849914290606,0.333333333333333,0.653758935283371,0.666666666666667,0,0
"196",2024-05-15,"Infinitron Peninsula",0.121790527162596,0,0.222093691095907,0.333333333333333,0.656115781741497,0.666666666666667,0,0
"197",2024-05-16,"Infinitron Peninsula",0.12755297931092,0,0.215169961792287,0.333333333333333,0.657277058896793,0.666666666666667,0,0
"198",2024-05-17,"Infinitron Peninsula",0.13519598956506,0,0.204980451615641,0.333333333333333,0.659823558819299,0.666666666666667,0,0
"199",2024-05-18,"Infinitron Peninsula",0.159943655102208,0.0573333333333333,0.179115347455519,0.276,0.660940997442274,0.666666666666667,0,0
"200",2024-05-19,"Infinitron Peninsula",0.182094975626013,0.297333333333333,0.158095699829524,0.036,0.659809324544463,0.666666666666667,0,0
"201",2024-05-20,"Infinitron Peninsula",0.163828444921606,0.0106666666666667,0.177604510254889,0.322666666666667,0.658567044823505,0.666666666666667,0,0
"202",2024-05-21,"Infinitron Peninsula",0.144107981753271,0,0.19734970557772,0.333333333333333,0.658542312669009,0.666666666666667,0,0
"203",2024-05-22,"Infinitron Peninsula",0.133171273983439,0,0.206819634841773,0.333333333333333,0.660009091174788,0.666666666666667,0,0
"204",2024-05-23,"Infinitron Peninsula",0.140245730774181,0,0.200530146328938,0.333333333333333,0.659224122896882,0.666666666666667,0,0
"205",2024-05-24,"Infinitron Peninsula",0.144700902697799,0,0.194418826572565,0.333333333333333,0.660880270729637,0.666666666666667,0,0
"206",2024-05-25,"Infinitron Peninsula",0.12860631477451,0,0.210574577002353,0.333333333333333,0.660819108223136,0.666666666666667,0,0
"207",2024-05-26,"Infinitron Peninsula",0.122974248616528,0,0.216377074887993,0.333333333333333,0.66064867649548,0.666666666666667,0,0
"208",2024-05-27,"Infinitron Peninsula",0.129842442089225,0,0.209295037962258,0.333333333333333,0.660862519948517,0.666666666666667,0,0
"209",2024-05-28,"Infinitron Peninsula",0.134670381435343,0,0.203620940440698,0.333333333333333,0.661708678123959,0.666666666666667,0,0
"210",2024-05-29,"Infinitron Peninsula",0.145263623367072,0,0.193077003683575,0.333333333333333,0.661659372949354,0.666666666666667,0,0
"211",2024-05-30,"Infinitron Peninsula",0.129138803337732,0,0.208706754211162,0.333333333333333,0.662154442451107,0.666666666666667,0,0
"212",2024-05-31,"Infinitron Peninsula",0.144259475569184,0,0.19374778562296,0.333333333333333,0.661992738807856,0.666666666666667,0,0
"213",2024-06-01,"Infinitron Peninsula",0.139585206978036,0,0.197564898280439,0.333333333333333,0.662849894741525,0.666666666666667,0,0
"214",2024-06-02,"Infinitron Peninsula",0.181469927113234,0.333333333333333,0.156172358797439,0,0.662357714089327,0.666666666666667,0,0
"215",2024-06-03,"Infinitron Peninsula",0.216365655889785,0.333333333333333,0.120935461710408,0,0.662698882399807,0.666666666666667,0,0
"216",2024-06-04,"Infinitron Peninsula",0.239174440284243,0.333333333333333,0.0988466339604517,0,0.661978925755306,0.666666666666667,0,0
"217",2024-06-05,"Infinitron Peninsula",0.225612536258988,0.333333333333333,0.11202311641417,0,0.662364347326841,0.666666666666667,0,0
"218",2024-06-06,"Infinitron Peninsula",0.229125130597504,0.333333333333333,0.108840814297227,0,0.662034055105269,0.666666666666667,0,0
"219",2024-06-07,"Infinitron Peninsula",0.211412814472676,0.333333333333333,0.125971176179392,0,0.662616009347932,0.666666666666667,0,0
"220",2024-06-08,"Infinitron Peninsula",0.206258052152585,0.333333333333333,0.130904693569589,0,0.662837254277826,0.666666666666667,0,0
"221",2024-06-09,"Infinitron Peninsula",0.210060852921072,0.333333333333333,0.127277934336644,0,0.662661212742284,0.666666666666667,0,0
"222",2024-06-10,"Infinitron Peninsula",0.215247699449872,0.333333333333333,0.125056241368407,0,0.659696059181721,0.666666666666667,0,0
"223",2024-06-11,"Infinitron Peninsula",0.208054631987466,0.333333333333333,0.133006147366679,0,0.658939220645855,0.666666666666667,0,0
"224",2024-06-12,"Infinitron Peninsula",0.199044853541138,0.333333333333333,0.143320903052325,0,0.657634243406538,0.666666666666667,0,0
"225",2024-06-13,"Infinitron Peninsula",0.199632052470179,0.333333333333333,0.143422544058543,0,0.656945403471278,0.666666666666667,0,0
"226",2024-06-14,"Infinitron Peninsula",0.226832000934443,0.333333333333333,0.115199698769421,0,0.657968300296136,0.666666666666667,0,0
"227",2024-06-15,"Infinitron Peninsula",0.216749341515697,0.333333333333333,0.125811920674399,0,0.657438737809904,0.666666666666667,0,0
"228",2024-06-16,"Infinitron Peninsula",0.224598099358566,0.333333333333333,0.117005272068073,0,0.658396628573361,0.666666666666667,0,0
"229",2024-04-02,"Neuronia",0.0469313245335782,0,0.187306241143066,0,0.0620260177854816,0,0.703736416537875,1
"230",2024-04-03,"Neuronia",0.0425980556067376,0,0.161212991799229,0,0.119830936741098,0,0.676358015852935,1
"231",2024-04-04,"Neuronia",0.0483718121426902,0,0.134530113561028,0,0.120969373256572,0,0.69612870103971,1
"232",2024-04-05,"Neuronia",0.0382936026453405,0,0.0912632778188682,0,0.0931380455944446,0,0.777305073941347,1
"233",2024-04-06,"Neuronia",0.0328011589716256,0,0.0892555896289788,0,0.106883849090594,0,0.771059402308802,1
"234",2024-04-07,"Neuronia",0.0493472132428124,0,0.102563975261836,0,0.130905470427755,0,0.717183341067597,1
"235",2024-04-08,"Neuronia",0.0593449674986221,0,0.111537210860605,0,0.161181177417289,0,0.667936644223483,1
"236",2024-04-09,"Neuronia",0.046905111901577,0,0.108172155897812,0,0.109353431210762,0,0.73556930098985,1
"237",2024-04-10,"Neuronia",0.0420459695351789,0,0.107579569637697,0,0.0814620950075664,0,0.768912365819558,1
"238",2024-04-11,"Neuronia",0.0386459041579429,0,0.0915276885977243,0,0.113549275839596,0,0.756277131404737,1
"239",2024-04-12,"Neuronia",0.0407184870774157,0,0.0888882258367984,0,0.114956793338547,0,0.755436493747239,1
"240",2024-04-13,"Neuronia",0.0491170439041765,0,0.0978591309162895,0,0.116570107453092,0,0.736453717726442,1
"241",2024-04-14,"Neuronia",0.0516706337696295,0,0.0792287207713246,0,0.117414150734923,0,0.751686494724123,1
"242",2024-04-15,"Neuronia",0.0526134626788828,0,0.0976612512175013,0,0.109954412871049,0,0.739770873232567,1
"243",2024-04-16,"Neuronia",0.0510592013695338,0,0.129980188863709,0,0.124347212246745,0,0.694613397520012,1
"244",2024-04-17,"Neuronia",0.0527553595560197,0,0.139092583608287,0,0.13626101447454,0,0.671891042361153,1
"245",2024-04-18,"Neuronia",0.060285407861438,0,0.150617587461439,0,0.142146812632451,0,0.646950192044672,1
"246",2024-04-19,"Neuronia",0.0570497273086105,0,0.164932870461339,0,0.158276991858639,0.00133333333333333,0.619740410371412,0.998666666666667
"247",2024-04-20,"Neuronia",0.0488108437824869,0,0.152011920164145,0,0.213833384434005,0,0.585343851619363,1
"248",2024-04-21,"Neuronia",0.0621518343836574,0,0.16950129506457,0,0.273361242185941,0.317333333333333,0.494985628365832,0.682666666666667
"249",2024-04-22,"Neuronia",0.0641493597830415,0,0.194948416325871,0,0.321514147727516,0.333333333333333,0.419388076163571,0.666666666666667
"250",2024-04-23,"Neuronia",0.0822503382432466,0,0.211801416053766,0,0.317050998484895,0.333333333333333,0.388897247218093,0.666666666666667
"251",2024-04-24,"Neuronia",0.0861151087921089,0,0.234256113477416,0,0.289485995846789,0.333333333333333,0.390142781883686,0.666666666666667
"252",2024-04-25,"Neuronia",0.0677384648950098,0,0.283278274169673,0.144,0.334033162815969,0.522666666666667,0.314950098119348,0.333333333333333
"253",2024-04-26,"Neuronia",0.0560513317151163,0,0.356439249332385,0.333333333333333,0.322391241057958,0.333333333333333,0.26511817789454,0.333333333333333
"254",2024-04-27,"Neuronia",0.0441451316742767,0,0.295148509458868,0.333333333333333,0.423503034757233,0.333333333333333,0.237203324109622,0.333333333333333
"255",2024-04-28,"Neuronia",0.04803416028354,0,0.219087841964254,0,0.513991725268302,0.666666666666667,0.218886272483905,0.333333333333333
"256",2024-04-29,"Neuronia",0.0366997166813963,0,0.175298586045268,0,0.573674286578685,0.666666666666667,0.214327410694651,0.333333333333333
"257",2024-04-30,"Neuronia",0.0378683278841858,0,0.14825980174115,0,0.615392171752123,0.666666666666667,0.198479698622541,0.333333333333333
"258",2024-05-01,"Neuronia",0.038044882080191,0,0.15872596054469,0,0.623734446635898,0.666666666666667,0.17949471073922,0.333333333333333
"259",2024-05-02,"Neuronia",0.0650440181819672,0,0.15397518461931,0,0.606358351135591,0.666666666666667,0.174622446063131,0.333333333333333
"260",2024-05-03,"Neuronia",0.0822067536622624,0,0.149891389702299,0,0.586745490118492,0.666666666666667,0.181156366516946,0.333333333333333
"261",2024-05-04,"Neuronia",0.0798338844305474,0,0.153703079712938,0,0.614215929473691,0.884,0.152247106382824,0.116
"262",2024-05-05,"Neuronia",0.0881454917462455,0,0.1207298974597,0,0.642662086546359,1,0.148462524247695,0
"263",2024-05-06,"Neuronia",0.0740939835796359,0,0.121091833635775,0,0.663526546427493,1,0.141287636357096,0
"264",2024-05-07,"Neuronia",0.0549038838335955,0,0.0912667600124152,0,0.69909743330083,0.896,0.154731922853159,0.104
"265",2024-05-08,"Neuronia",0.0491257007381704,0,0.0681963445076708,0,0.757915532298721,1,0.124762422455437,0
"266",2024-05-09,"Neuronia",0.044172681049267,0,0.0544433541521796,0,0.79182470348194,1,0.109559261316613,0
"267",2024-05-10,"Neuronia",0.0369195698626305,0,0.0301989396807713,0,0.876485697212323,1,0.0563957932442753,0
"268",2024-05-11,"Neuronia",0.0299451559000327,0,0.0231074782010598,0,0.901301630584713,1,0.0456457353141946,0
"269",2024-05-12,"Neuronia",0.0282516856071122,0,0.0209795282704814,0,0.90174347541031,1,0.0490253107120964,0
"270",2024-05-13,"Neuronia",0.0221770854918449,0,0.0182803224312864,0,0.906025271054663,1,0.0535173210222056,0
"271",2024-05-14,"Neuronia",0.0218167901157674,0,0.0106305094047884,0,0.945521520867368,1,0.0220311796120758,0
"272",2024-05-15,"Neuronia",0.0381940422164429,0,0.0136349707241614,0,0.923268203051854,1,0.0249027840075415,0
"273",2024-05-16,"Neuronia",0.0464510283721724,0,0.0143779452162198,0,0.880298689874236,1,0.0588723365373714,0
"274",2024-05-17,"Neuronia",0.0560200937036776,0,0.0127244464688593,0,0.893451847612226,1,0.0378036122152376,0
"275",2024-05-18,"Neuronia",0.0582868088418837,0,0.0104578962532046,0,0.899855493103037,1,0.0313998018018752,0
"276",2024-05-19,"Neuronia",0.088371539924727,0,0.0164356920042372,0,0.868106811627952,1,0.0270859564430842,0
"277",2024-05-20,"Neuronia",0.0828880688188325,0,0.00884638425755567,0,0.89560824869315,1,0.0126572982304616,0
"278",2024-05-21,"Neuronia",0.107310615775877,0,0.00940425190981107,0,0.860821696201797,1,0.0224634361125152,0
"279",2024-05-22,"Neuronia",0.13192284479641,0.0253333333333333,0.00497969962279483,0,0.844030794420934,0.974666666666667,0.0190666611598608,0
"280",2024-05-23,"Neuronia",0.155790688369417,0.114666666666667,0.00587020648067244,0,0.811726423649727,0.885333333333333,0.0266126815001837,0
"281",2024-05-24,"Neuronia",0.163038580046699,0.148,0.00351650385600676,0,0.80977618218445,0.852,0.0236687339128443,0
"282",2024-05-25,"Neuronia",0.139692852812043,0,0.00378403095326474,0,0.821085769559841,1,0.0354373466748508,0
"283",2024-05-26,"Neuronia",0.125875661185783,0.028,0.00265024845146654,0,0.80317766005405,0.972,0.0682964303087003,0
"284",2024-05-27,"Neuronia",0.101336293892828,0,0.00573574342001444,0,0.829876293497233,1,0.0630516691899245,0
"285",2024-05-28,"Neuronia",0.0929333374275699,0,0.00982302978019912,0,0.836601129052082,1,0.0606425037401489,0
"286",2024-05-29,"Neuronia",0.126521707932596,0,0.00571795915877652,0,0.829238700174307,1,0.0385216327343205,0
"287",2024-05-30,"Neuronia",0.172974523410639,0.181333333333333,0.00772569768160748,0,0.775378046243556,0.818666666666667,0.0439217326641976,0
"288",2024-05-31,"Neuronia",0.18480433843005,0.008,0.0130997729306332,0,0.770982163310431,0.992,0.0311137253288852,0
"289",2024-06-01,"Neuronia",0.251021371765124,0.333333333333333,0.0127593144750214,0,0.701932731667578,0.666666666666667,0.0342865820922759,0
"290",2024-06-02,"Neuronia",0.281284252551433,0.333333333333333,0.0146190831717267,0,0.665745823367133,0.666666666666667,0.0383508409097078,0
"291",2024-06-03,"Neuronia",0.237801041314627,0.245333333333333,0.0110037630841265,0,0.721771409627898,0.754666666666667,0.0294237859733482,0
"292",2024-06-04,"Neuronia",0.2078572811443,0.116,0.0102020931933011,0,0.750715649618142,0.884,0.0312249760442568,0
"293",2024-06-05,"Neuronia",0.250751742853353,0.332,0.0123644669869495,0,0.697912480616811,0.668,0.0389713095428862,0
"294",2024-06-06,"Neuronia",0.277190591266228,0.282666666666667,0.0163383553599857,0,0.660568660201202,0.717333333333333,0.0459023931725841,0
"295",2024-06-07,"Neuronia",0.212620968008377,0.213333333333333,0.00743090845111743,0,0.755738895293236,0.786666666666667,0.0242092282472698,0
"296",2024-06-08,"Neuronia",0.312420643016421,0.529333333333333,0.0195048852566982,0,0.621522006693056,0.470666666666667,0.0465524650338249,0
"297",2024-06-09,"Neuronia",0.258381851049839,0.237333333333333,0.0206433338289574,0,0.644556484797292,0.762666666666667,0.0764183303239116,0
"298",2024-06-10,"Neuronia",0.214226153745075,0,0.0177758509073814,0,0.697232047894448,1,0.0707659474530955,0
"299",2024-06-11,"Neuronia",0.156537347743205,0,0.0111680932766369,0,0.763142144101483,1,0.0691524148786749,0
"300",2024-06-12,"Neuronia",0.127656720650475,0,0.00770855154541723,0,0.798575495924326,1,0.0660592318797812,0
"301",2024-06-13,"Neuronia",0.106626557992729,0,0.00802744503263489,0,0.724738712073387,0.705333333333333,0.160607284901249,0.294666666666667
"302",2024-06-14,"Neuronia",0.0991535717014768,0,0.00363958374473645,0,0.720079201632264,0.666666666666667,0.177127642921522,0.333333333333333
"303",2024-06-15,"Neuronia",0.0634929937726061,0,0.00241056010307725,0,0.672916779258535,0.666666666666667,0.261179666865781,0.333333333333333
"304",2024-06-16,"Neuronia",0.0868927384433248,0,0.00369394398077532,0,0.654563974808904,0.666666666666667,0.254849342766996,0.333333333333333
"305",2024-04-02,"Quantumridge",0.129486443938694,0,0.344639367887831,0,0.525874188173475,1,0,0
"306",2024-04-03,"Quantumridge",0.117118125438917,0,0.343695036876914,0,0.539186837684169,1,0,0
"307",2024-04-04,"Quantumridge",0.136687454345046,0,0.341658378493714,0.537333333333333,0.52165416716124,0.462666666666667,0,0
"308",2024-04-05,"Quantumridge",0.163397707362069,0.092,0.35597623200837,0.568,0.480626060629562,0.34,0,0
"309",2024-04-06,"Quantumridge",0.180621208500919,0,0.316108639190155,0.153333333333333,0.503270152308926,0.846666666666667,0,0
"310",2024-04-07,"Quantumridge",0.207783968210964,0.194666666666667,0.326075818485583,0.138666666666667,0.466140213303453,0.666666666666667,0,0
"311",2024-04-08,"Quantumridge",0.196898044847534,0,0.285024091486862,0.00266666666666667,0.518077863665604,0.997333333333333,0,0
"312",2024-04-09,"Quantumridge",0.164124919762322,0,0.317273954614637,0.174666666666667,0.51860112562304,0.825333333333333,0,0
"313",2024-04-10,"Quantumridge",0.165354731846343,0,0.285987149684985,0.333333333333333,0.548658118468672,0.666666666666667,0,0
"314",2024-04-11,"Quantumridge",0.232629169746848,0,0.258169555287421,0.333333333333333,0.509201274965731,0.666666666666667,0,0
"315",2024-04-12,"Quantumridge",0.230778374291622,0,0.228268618770022,0.0386666666666667,0.540953006938357,0.961333333333333,0,0
"316",2024-04-13,"Quantumridge",0.239979348562403,0.00533333333333333,0.2304705320173,0.333333333333333,0.529550119420297,0.661333333333333,0,0
"317",2024-04-14,"Quantumridge",0.288904954941888,0.333333333333333,0.277727945599699,0.333333333333333,0.433367099458413,0.333333333333333,0,0
"318",2024-04-15,"Quantumridge",0.290926700252916,0.333333333333333,0.257872903605186,0.333333333333333,0.451200396141898,0.333333333333333,0,0
"319",2024-04-16,"Quantumridge",0.22053267236019,0.333333333333333,0.207571755573563,0.304,0.571895572066247,0.362666666666667,0,0
"320",2024-04-17,"Quantumridge",0.214798842040965,0.333333333333333,0.172443838667819,0,0.612757319291216,0.666666666666667,0,0
"321",2024-04-18,"Quantumridge",0.194160643937396,0.221333333333333,0.162770694900558,0,0.643068661162046,0.778666666666667,0,0
"322",2024-04-19,"Quantumridge",0.193659202460737,0.221333333333333,0.226682184700092,0.333333333333333,0.579658612839171,0.445333333333333,0,0
"323",2024-04-20,"Quantumridge",0.138116149607598,0,0.252931214928945,0.166666666666667,0.608952635463457,0.833333333333333,0,0
"324",2024-04-21,"Quantumridge",0.104389025755315,0,0.304574747161116,0.333333333333333,0.591036227083569,0.666666666666667,0,0
"325",2024-04-22,"Quantumridge",0.188170794975837,0.273333333333333,0.267053411887954,0.333333333333333,0.544775793136209,0.393333333333333,0,0
"326",2024-04-23,"Quantumridge",0.205669029147239,0.333333333333333,0.309676077869053,0.333333333333333,0.484654892983708,0.333333333333333,0,0
"327",2024-04-24,"Quantumridge",0.294401031862071,0.333333333333333,0.30985926090627,0.333333333333333,0.39573970723166,0.333333333333333,0,0
"328",2024-04-25,"Quantumridge",0.329522361199425,0.333333333333333,0.359589530020193,0.333333333333333,0.310888108780382,0.333333333333333,0,0
"329",2024-04-26,"Quantumridge",0.321493098989179,0.333333333333333,0.360711917925778,0.333333333333333,0.317794983085043,0.333333333333333,0,0
"330",2024-04-27,"Quantumridge",0.337654404916386,0.333333333333333,0.371068933126565,0.333333333333333,0.291276661957048,0.333333333333333,0,0
"331",2024-04-28,"Quantumridge",0.326416124278148,0.333333333333333,0.358916410420816,0.333333333333333,0.314667465301037,0.333333333333333,0,0
"332",2024-04-29,"Quantumridge",0.260499587130799,0.333333333333333,0.320052009923567,0.333333333333333,0.419448402945634,0.333333333333333,0,0
"333",2024-04-30,"Quantumridge",0.264968755772912,0.333333333333333,0.329828422225374,0.333333333333333,0.405202822001714,0.333333333333333,0,0
"334",2024-05-01,"Quantumridge",0.301596358956617,0.333333333333333,0.327006442541768,0.333333333333333,0.371397198501615,0.333333333333333,0,0
"335",2024-05-02,"Quantumridge",0.262844430681126,0.333333333333333,0.334998973937364,0.333333333333333,0.40215659538151,0.333333333333333,0,0
"336",2024-05-03,"Quantumridge",0.272852728128479,0.333333333333333,0.336570157733846,0.333333333333333,0.390577114137675,0.333333333333333,0,0
"337",2024-05-04,"Quantumridge",0.304170206687856,0.333333333333333,0.328142749611588,0.333333333333333,0.367687043700556,0.333333333333333,0,0
"338",2024-05-05,"Quantumridge",0.321858466716407,0.333333333333333,0.32913511853451,0.333333333333333,0.349006414749083,0.333333333333333,0,0
"339",2024-05-06,"Quantumridge",0.294476339189443,0.333333333333333,0.328663850404716,0.333333333333333,0.376859810405841,0.333333333333333,0,0
"340",2024-05-07,"Quantumridge",0.24862001487493,0.333333333333333,0.319062352979543,0.333333333333333,0.432317632145526,0.333333333333333,0,0
"341",2024-05-08,"Quantumridge",0.299874924040688,0.333333333333333,0.303830365430341,0.333333333333333,0.39629471052897,0.333333333333333,0,0
"342",2024-05-09,"Quantumridge",0.318930823616828,0.333333333333333,0.296960018071989,0.333333333333333,0.384109158311183,0.333333333333333,0,0
"343",2024-05-10,"Quantumridge",0.324305725662449,0.333333333333333,0.286137292943019,0.333333333333333,0.389556981394532,0.333333333333333,0,0
"344",2024-05-11,"Quantumridge",0.328605212268051,0.333333333333333,0.295163816643846,0.333333333333333,0.376230971088103,0.333333333333333,0,0
"345",2024-05-12,"Quantumridge",0.325357884703077,0.333333333333333,0.319418480781056,0.333333333333333,0.355223634515867,0.333333333333333,0,0
"346",2024-05-13,"Quantumridge",0.313160456447717,0.333333333333333,0.323705218963122,0.333333333333333,0.363134324589161,0.333333333333333,0,0
"347",2024-05-14,"Quantumridge",0.321501936943465,0.333333333333333,0.317207002036641,0.333333333333333,0.361291061019894,0.333333333333333,0,0
"348",2024-05-15,"Quantumridge",0.314410081436942,0.333333333333333,0.333001961938302,0.333333333333333,0.352587956624756,0.333333333333333,0,0
"349",2024-05-16,"Quantumridge",0.326432306436934,0.333333333333333,0.333780836913317,0.333333333333333,0.339786856649749,0.333333333333333,0,0
"350",2024-05-17,"Quantumridge",0.307969791540929,0.333333333333333,0.357506079492131,0.333333333333333,0.334524128966939,0.333333333333333,0,0
"351",2024-05-18,"Quantumridge",0.318125151457521,0.333333333333333,0.344471249702055,0.333333333333333,0.337403598840424,0.333333333333333,0,0
"352",2024-05-19,"Quantumridge",0.229054235253714,0.333333333333333,0.429471092916444,0.333333333333333,0.341474671829841,0.333333333333333,0,0
"353",2024-05-20,"Quantumridge",0.217470012680798,0.333333333333333,0.440598144336176,0.333333333333333,0.341931842983025,0.333333333333333,0,0
"354",2024-05-21,"Quantumridge",0.248347249125036,0.333333333333333,0.415065444270841,0.333333333333333,0.336587306604123,0.333333333333333,0,0
"355",2024-05-22,"Quantumridge",0.245523130912178,0.333333333333333,0.418613568556097,0.333333333333333,0.335863300531725,0.333333333333333,0,0
"356",2024-05-23,"Quantumridge",0.229135745832711,0.333333333333333,0.437202539524251,0.333333333333333,0.333661714643038,0.333333333333333,0,0
"357",2024-05-24,"Quantumridge",0.264593602876499,0.333333333333333,0.402458999550947,0.333333333333333,0.332947397572553,0.333333333333333,0,0
"358",2024-05-25,"Quantumridge",0.251855960575794,0.333333333333333,0.415214761313123,0.333333333333333,0.332929278111083,0.333333333333333,0,0
"359",2024-05-26,"Quantumridge",0.311088099581234,0.333333333333333,0.355582634249227,0.333333333333333,0.333329266169539,0.333333333333333,0,0
"360",2024-05-27,"Quantumridge",0.326277793505422,0.333333333333333,0.340755849583918,0.333333333333333,0.33296635691066,0.333333333333333,0,0
"361",2024-05-28,"Quantumridge",0.330498095729998,0.333333333333333,0.337690268487687,0.333333333333333,0.331811635782314,0.333333333333333,0,0
"362",2024-05-29,"Quantumridge",0.328831158954484,0.333333333333333,0.339225581712319,0.333333333333333,0.331943259333198,0.333333333333333,0,0
"363",2024-05-30,"Quantumridge",0.330099583161535,0.333333333333333,0.338118199704225,0.333333333333333,0.33178221713424,0.333333333333333,0,0
"364",2024-05-31,"Quantumridge",0.333442108165293,0.333333333333333,0.334604735314882,0.333333333333333,0.331953156519826,0.333333333333333,0,0
"365",2024-06-01,"Quantumridge",0.330676160178967,0.333333333333333,0.33840924202507,0.333333333333333,0.330914597795964,0.333333333333333,0,0
"366",2024-06-02,"Quantumridge",0.340796653672133,0.333333333333333,0.335805268055888,0.333333333333333,0.323398078271979,0.333333333333333,0,0
"367",2024-06-03,"Quantumridge",0.351778962445833,0.333333333333333,0.339432143320186,0.333333333333333,0.308788894233981,0.333333333333333,0,0
"368",2024-06-04,"Quantumridge",0.358853371673163,0.333333333333333,0.351029357758849,0.333333333333333,0.290117270567987,0.333333333333333,0,0
"369",2024-06-05,"Quantumridge",0.306540726934205,0.333333333333333,0.38923002634034,0.333333333333333,0.304229246725455,0.333333333333333,0,0
"370",2024-06-06,"Quantumridge",0.333408481624508,0.333333333333333,0.364203081716652,0.333333333333333,0.302388436658841,0.333333333333333,0,0
"371",2024-06-07,"Quantumridge",0.266245882334032,0.333333333333333,0.41980652479329,0.333333333333333,0.313947592872677,0.333333333333333,0,0
"372",2024-06-08,"Quantumridge",0.163267729181421,0,0.519967757038355,0.666666666666667,0.316764513780223,0.333333333333333,0,0
"373",2024-06-09,"Quantumridge",0.115780315376216,0,0.559723875772252,0.666666666666667,0.324495808851532,0.333333333333333,0,0
"374",2024-06-10,"Quantumridge",0.156411494845565,0.00133333333333333,0.519969926645261,0.665333333333333,0.323618578509174,0.333333333333333,0,0
"375",2024-06-11,"Quantumridge",0.209637966484684,0.333333333333333,0.462286086441555,0.333333333333333,0.328075947073761,0.333333333333333,0,0
"376",2024-06-12,"Quantumridge",0.192299145766861,0.289333333333333,0.48048331424147,0.377333333333333,0.327217539991668,0.333333333333333,0,0
"377",2024-06-13,"Quantumridge",0.194882152963365,0.333333333333333,0.476357335939388,0.333333333333333,0.328760511097247,0.333333333333333,0,0
"378",2024-06-14,"Quantumridge",0.0657261431678235,0,0.612605959267621,0.666666666666667,0.321667897564556,0.333333333333333,0,0
"379",2024-06-15,"Quantumridge",0.0328732288172893,0,0.653040364792255,0.666666666666667,0.314086406390455,0.333333333333333,0,0
"380",2024-06-16,"Quantumridge",0.0242746667324493,0,0.652195216964083,0.666666666666667,0.323530116303468,0.333333333333333,0,0
